Sequences,Teams,Label
sssssdsy,Tunisia,Low
mxtuxtutuxtuxtuxtuxtutuxtu,Tunisia,Low
mxtuxtuxtuxf,Tunisia,Low
ssssgI,Tunisia,Low
smxtuxtuy,Tunisia,Low
ssdCmxfssd,Tunisia,Low
sssssssssCssssy,Tunisia,Low
htuxtuxtuxtuxtu,Tunisia,Low
tuxtuxtumxt,Tunisia,Low
sssdsG,Tunisia,Low
tuxtuxtuxa,Tunisia,Low
tuxtuxtuxtuxtututuatu,Tunisia,Low
tutuxf,Tunisia,Low
mxExtututu,Tunisia,Low
mxtuxtuxtutuxtuxi,Tunisia,Low
sttuxfsss,Tunisia,Low
htuxtua,Tunisia,Low
tuxtuxtuxtuxitu,Tunisia,Low
ssdtusgH,Tunisia,Low
tutuxi,Tunisia,Low
htuxtuxtumxtuxtuxtuxtu,Tunisia,Low
ssssdtugcr,Tunisia,Low
htuxtuxtuxtu,Tunisia,Low
tuxtuxtuxtutuxtuxi,Tunisia,Low
tuxfmxtuxtutuxtuxtututuxtuxtu,Tunisia,Low
stututsms,Tunisia,Low
htuxtusCmxtuxtuxtuxtuxtuxtuxtu,Tunisia,Low
mItututu,Tunisia,Low
ssssmxtss,Tunisia,Low
tuxvtuxtuz,Tunisia,Low
tuxtuxtuxtuxtuxtututumxExz,Tunisia,Low
htuxtuxi,Tunisia,Low
tuxtuxtuxtuxE,Tunisia,Low
tuxtuxt,Tunisia,Low
Cxtuxtuxtuxz,Tunisia,Low
htuxtu,Tunisia,Low
Cmxtuxtuxt,Tunisia,Low
sssssG,Tunisia,Low
tututu,Tunisia,Low
Gxtutuxtumtututumxf,Tunisia,Low
mxtuxtuxtuxtutuxz,Tunisia,Low
mxtutuxtuxtu,Tunisia,Low
tuxtuxtuxz,Tunisia,Low
sssmssG,Tunisia,Low
tuxtuxi,Tunisia,Low
ssssdmxtsB,Tunisia,Low
htutuxtuxtuxtuxtututuxtsmxtuxtuxtuxtututuxtutuxt,Tunisia,Low
mxtutuxtuxtuxtu,Tunisia,Low
tuxtmxtutututu,Tunisia,Low
sdssgnD,Tunisia,Low
tutuxtuxtuxtututuxtuxtuxtuxtuxtutuxtuxtuxtu,Tunisia,Low
tuxvtuxtuxtuxtuxtuxtuxi,Tunisia,Low
tuxtutuxtuxtuxtuxtuxtuxtu,Tunisia,Low
tuxtuxtuxistuxtutuz,Tunisia,Low
mxtutuxtuxtuxtuxtuxtuxz,Tunisia,Low
tuxtuxtu,Tunisia,Low
htuxtuxtuxtuxtuxt,Tunisia,Low
ssssssss,Tunisia,Low
tuxtuxtuxtuxtutuxtuz,Tunisia,Low
mxtutuxtuxtutuxtuxtu,Tunisia,Low
sCssssd,Tunisia,Low
tuxtutuxtuxtuxts,Tunisia,Low
tuxtuxtuxtutuxtuxtuxtuxtur,Tunisia,Low
tutuxtuxtuxtutuxtuxtussCxtuxtutuxtuxtuzs,Tunisia,Low
htuxtutututuxtusdtmxtuxtuxtt,Tunisia,Low
tuxtuxtu,Tunisia,Low
tuxtutuxtuxtuxtuxa,Tunisia,Low
tuxtuxtututuxtuxfmxtuxtuxtusmxtuxtuxtuxt,Tunisia,Low
tuxtuxztuxtuxtutuzss,Tunisia,Low
htuxtuxtuxtuxtutuxtuxtuxtuxtuxtuxExz,Tunisia,Low
htuxtuxt,Tunisia,Low
sssspys,Tunisia,Low
tutuxtua,Tunisia,Low
stututussssm,Tunisia,Low
htuxtuxtuxtuxtuxtuxtutuxtuxtuxtuxtuxtumxtuxt,Tunisia,Low
Gxtututuxi,Tunisia,Low
tuxtuxtuxtutuxtuxts,Tunisia,Low
gxtuxtuxtuxtu,Tunisia,Low
tuxtuxtu,Tunisia,Low
sssspdg,Tunisia,Low
htuxtutuxtuxtuxtuxtuIcw,Tunisia,Low
mxtuxtuxtuxktutuxtuxtuxtuxtuxa,Tunisia,Low
sstusssysggHg,Tunisia,Low
tuxtututuxtu,Tunisia,Low
CtuxtuxE,Tunisia,Low
sssssCxtugsdg,Tunisia,Low
sssssss,Tunisia,Low
mxtuxtuxtututu,Tunisia,Low
tuxtuxtuxt,Tunisia,Low
sssHmxtusssssss,Tunisia,Low
htuxtuxtuxtu,Tunisia,Low
ssssssy,Tunisia,Low
tutuxa,Tunisia,Low
htuxtuxtutuz,Tunisia,Low
